profile_id,name,age,gender,friends
1220dffb-7dba-4bf7-a984-59ffef16b797,Patricia Gomez,38,FEMALE,"33751487-97d9-49dc-a789-de98a5ded67f:1,544e1117-d1e5-4239-8529-724f1825a572:2,70e5d920-1d7f-4be0-b23b-cf8f9991950a:3,a241e301-aefa-4d0b-94bf-ed5fcdbb19f8:3,200acf51-ac18-4a7d-8f7a-e024179a3639:2,ab5bc309-27fe-4566-b359-b808dffb0c6c:1,a5f58563-705b-41c5-87e2-aead5b61c105:2,120eed7d-317d-480e-a3fa-49f1ab36eda7:1,e48be7f3-25bd-4cf1-bb8c-611efa45513c:5"
84ff8e68-beda-4e27-a5b8-9c762fc5f294,Dorothy Flores,65,FEMALE,"20c5280f-604d-490b-9ae2-4fca00490ea5:4,12f0990e-bada-49fe-ab06-6526901a471c:1,cf0595a9-4efc-4267-845b-69ad250fc787:3,120eed7d-317d-480e-a3fa-49f1ab36eda7:1,a241e301-aefa-4d0b-94bf-ed5fcdbb19f8:2,7a7f5daa-8de1-429a-b579-d84ef02026bb:5,6348556f-2004-46dc-9bb2-0135d2adac3b:2,96b791f8-a142-4867-8095-681804aa360a:5,0bfe82ce-5271-413e-b191-95b07c511505:5,826a9116-34a4-47b7-a548-c268e7a0af61:3,c379036c-3a23-4ac0-a971-56de650b0ea6:2,5fd14ec2-ba53-4e0b-8cca-90e420217b38:3,86ab5772-a3f4-4a53-aec2-b6cfbd428185:5,92cdfa5d-fe13-44f9-a14f-723acf5a96a0:3,668c1bf5-5ada-411b-9580-e2488e1e64a5:4"
8288a4c5-9fe2-4417-b7f9-1d3be535e893,Paul Gonzalez,26,FEMALE,"cf0595a9-4efc-4267-845b-69ad250fc787:3,3c4ddc40-5044-4f30-8a5d-e25d48ee9dac:5,668c1bf5-5ada-411b-9580-e2488e1e64a5:4,950146f0-bb29-47fb-bb7e-795c5bed062b:4,b878c68a-b6d5-40ad-8076-274c6f32f30e:1,6348556f-2004-46dc-9bb2-0135d2adac3b:3,86ab5772-a3f4-4a53-aec2-b6cfbd428185:5,3cafb939-6443-4e45-accd-2cc7707f20d2:4,200acf51-ac18-4a7d-8f7a-e024179a3639:5,5fd14ec2-ba53-4e0b-8cca-90e420217b38:5,aa2410b1-3438-4439-a58d-8206557060db:2,453fd582-18cf-4042-bd64-6a6fa033dafd:2"
fbd99aa9-b3a8-4539-9cc5-b9279be6c0c0,Scott Johnson,29,FEMALE,"a5f58563-705b-41c5-87e2-aead5b61c105:5,23821f2b-1331-46a7-965f-bda871d704e7:1,d5ccb904-2528-4882-85be-c1ff21ec3900:5,affa2b28-e26c-429b-b700-9c4e0e2930f1:2,826a9116-34a4-47b7-a548-c268e7a0af61:3,88958edd-d2bd-4c9a-b25d-3bd89189bb93:4,96b791f8-a142-4867-8095-681804aa360a:1,03dd3029-49a5-4789-8b4c-4132746441e3:3"
12f0990e-bada-49fe-ab06-6526901a471c,Eric Lee,25,MALE,"84ff8e68-beda-4e27-a5b8-9c762fc5f294:1,4e6b9c90-2d46-48c5-a7a2-7dc2b6f8c0f7:1,ab5bc309-27fe-4566-b359-b808dffb0c6c:1,aa2410b1-3438-4439-a58d-8206557060db:5,7a7f5daa-8de1-429a-b579-d84ef02026bb:1,feea3b5f-5ff4-4393-81d0-fcbe1f635868:1,a2e5e4cb-3863-4f3a-a3ea-5f9da2c6553a:4,8162a59a-44ba-4e02-bc97-a4b7f1a61ce7:5,79d8ec63-ffd5-4baf-b629-75cd7bec1b82:3,e8bd03fa-e87f-4885-b1f5-5003e2535c61:4,88958edd-d2bd-4c9a-b25d-3bd89189bb93:2,ed8c428c-80c9-490f-af41-58e7c9273ca3:3,d5ccb904-2528-4882-85be-c1ff21ec3900:5"
b878c68a-b6d5-40ad-8076-274c6f32f30e,Anthony Thompson,27,FEMALE,"8288a4c5-9fe2-4417-b7f9-1d3be535e893:1,453fd582-18cf-4042-bd64-6a6fa033dafd:1,e48be7f3-25bd-4cf1-bb8c-611efa45513c:1,e574d96d-6ad2-47f9-8b5b-2b7370eb86c5:2,86ab5772-a3f4-4a53-aec2-b6cfbd428185:2,3e4444bf-e9c5-4c7c-ae4e-eb8d3b3813d8:1,4cdee7ac-a52b-4913-92b2-0921c859e116:1,496e0e95-560b-4eec-b09a-955b01f4cf72:3,7929d151-cf08-445b-b673-5da3157af796:4,668c1bf5-5ada-411b-9580-e2488e1e64a5:3,bbb5ee43-2b96-48c3-b3c0-06a185e8f569:2,affa2b28-e26c-429b-b700-9c4e0e2930f1:1,d5ccb904-2528-4882-85be-c1ff21ec3900:3"
67a5048f-4561-455f-920f-0a9c872635c6,Jason Wright,58,FEMALE,"5fd14ec2-ba53-4e0b-8cca-90e420217b38:3,ed8c428c-80c9-490f-af41-58e7c9273ca3:1,31829fdf-b242-40cf-b7ee-a1426a634c4f:4,f1c1cc63-de45-4d53-a06e-e9089306cd54:1,2fa362e4-fbc1-4f14-9b8e-08fab664d1dd:5,c379036c-3a23-4ac0-a971-56de650b0ea6:3,dd5a980a-d7b8-4666-a0b5-373063ec8b4f:4,556036d8-7fd9-4e41-a46c-586fc689dd8b:1,feea3b5f-5ff4-4393-81d0-fcbe1f635868:5,c5ab11da-2769-4211-80b5-be94652ec70e:3,7b2b10fc-b662-4db8-9cda-c5b59d10afe1:2,3cab5486-777b-484e-9696-6b8ffdfa01fd:4,e48be7f3-25bd-4cf1-bb8c-611efa45513c:2,bbb5ee43-2b96-48c3-b3c0-06a185e8f569:2,affa2b28-e26c-429b-b700-9c4e0e2930f1:2,4e6b9c90-2d46-48c5-a7a2-7dc2b6f8c0f7:1"
b9319d66-399c-4ce0-b0c2-f4af6bd99e1e,Scott Sanchez,57,FEMALE,"03dd3029-49a5-4789-8b4c-4132746441e3:4,c5ab11da-2769-4211-80b5-be94652ec70e:1,7a7f5daa-8de1-429a-b579-d84ef02026bb:2,994f90e5-ff3c-4c27-bb51-6743ded091f0:5,2963e33a-757a-4262-b0d5-26c10ef51ae2:3,23821f2b-1331-46a7-965f-bda871d704e7:1,5f13dbfa-4785-4ee8-93d2-03d35cb272a5:5,c379036c-3a23-4ac0-a971-56de650b0ea6:1,88c4b2fd-f797-4176-ab9c-622ba7d6b28e:2,ed8c428c-80c9-490f-af41-58e7c9273ca3:2,66236b54-fe59-4fd7-ae30-da14de17317c:3,92cdfa5d-fe13-44f9-a14f-723acf5a96a0:1,4cdee7ac-a52b-4913-92b2-0921c859e116:4,3cab5486-777b-484e-9696-6b8ffdfa01fd:1"
865119b7-8d5a-45dd-96dd-943205eaa097,Angela Ramirez,63,FEMALE,"2fa362e4-fbc1-4f14-9b8e-08fab664d1dd:2,c5ab11da-2769-4211-80b5-be94652ec70e:3,7a7f5daa-8de1-429a-b579-d84ef02026bb:4,6f0d9efb-5886-43b4-a117-94a8d2efd341:5,f1c1cc63-de45-4d53-a06e-e9089306cd54:3,5f13dbfa-4785-4ee8-93d2-03d35cb272a5:4,62b0b596-aba0-488d-8528-6ac85513643e:2,3e4444bf-e9c5-4c7c-ae4e-eb8d3b3813d8:4"
cf0595a9-4efc-4267-845b-69ad250fc787,Susan Hall,25,MALE,"84ff8e68-beda-4e27-a5b8-9c762fc5f294:3,8288a4c5-9fe2-4417-b7f9-1d3be535e893:3,4cdee7ac-a52b-4913-92b2-0921c859e116:5,feea3b5f-5ff4-4393-81d0-fcbe1f635868:2,c5ab11da-2769-4211-80b5-be94652ec70e:3,7a7f5daa-8de1-429a-b579-d84ef02026bb:3,e8bd03fa-e87f-4885-b1f5-5003e2535c61:1,affa2b28-e26c-429b-b700-9c4e0e2930f1:4,ed8c428c-80c9-490f-af41-58e7c9273ca3:5,dd5a980a-d7b8-4666-a0b5-373063ec8b4f:5,96b791f8-a142-4867-8095-681804aa360a:2,7929d151-cf08-445b-b673-5da3157af796:4,994f90e5-ff3c-4c27-bb51-6743ded091f0:5,3cab5486-777b-484e-9696-6b8ffdfa01fd:1,6f0d9efb-5886-43b4-a117-94a8d2efd341:1"
3cafb939-6443-4e45-accd-2cc7707f20d2,Emma Williams,31,MALE,"8288a4c5-9fe2-4417-b7f9-1d3be535e893:4,3e4444bf-e9c5-4c7c-ae4e-eb8d3b3813d8:4,120eed7d-317d-480e-a3fa-49f1ab36eda7:5,da6ff404-61d0-4b4b-b53e-9e9f648cf1f4:2,96b791f8-a142-4867-8095-681804aa360a:5,dd5a980a-d7b8-4666-a0b5-373063ec8b4f:1,200acf51-ac18-4a7d-8f7a-e024179a3639:3,7929d151-cf08-445b-b673-5da3157af796:5,950146f0-bb29-47fb-bb7e-795c5bed062b:2,86ab5772-a3f4-4a53-aec2-b6cfbd428185:2,ed8c428c-80c9-490f-af41-58e7c9273ca3:1,2d4bdeb8-0ed8-4f19-b6d8-d01cec80da42:1,6f0d9efb-5886-43b4-a117-94a8d2efd341:3"
79d8ec63-ffd5-4baf-b629-75cd7bec1b82,Kevin Rodriguez,64,FEMALE,"03dd3029-49a5-4789-8b4c-4132746441e3:5,3e4444bf-e9c5-4c7c-ae4e-eb8d3b3813d8:5,2a4fdba2-38a3-4218-8525-046043e6244b:5,e8bd03fa-e87f-4885-b1f5-5003e2535c61:2,6348556f-2004-46dc-9bb2-0135d2adac3b:5,12f0990e-bada-49fe-ab06-6526901a471c:3,31829fdf-b242-40cf-b7ee-a1426a634c4f:5,7929d151-cf08-445b-b673-5da3157af796:5,2963e33a-757a-4262-b0d5-26c10ef51ae2:5,45af9329-fcb6-4bef-aa45-a11d74837fe5:4,2d4bdeb8-0ed8-4f19-b6d8-d01cec80da42:3,33751487-97d9-49dc-a789-de98a5ded67f:1,544e1117-d1e5-4239-8529-724f1825a572:5"
c379036c-3a23-4ac0-a971-56de650b0ea6,Nancy Brown,46,MALE,"92cdfa5d-fe13-44f9-a14f-723acf5a96a0:4,8162a59a-44ba-4e02-bc97-a4b7f1a61ce7:3,4cdee7ac-a52b-4913-92b2-0921c859e116:4,67a5048f-4561-455f-920f-0a9c872635c6:3,ed8c428c-80c9-490f-af41-58e7c9273ca3:3,5fd14ec2-ba53-4e0b-8cca-90e420217b38:5,aa2410b1-3438-4439-a58d-8206557060db:1,b9319d66-399c-4ce0-b0c2-f4af6bd99e1e:1,84ff8e68-beda-4e27-a5b8-9c762fc5f294:2,bbb5ee43-2b96-48c3-b3c0-06a185e8f569:2,23821f2b-1331-46a7-965f-bda871d704e7:5,556036d8-7fd9-4e41-a46c-586fc689dd8b:4,39e9ab62-d678-4f90-aea3-2f751e691171:3,c5ab11da-2769-4211-80b5-be94652ec70e:1,03dd3029-49a5-4789-8b4c-4132746441e3:3,2a4fdba2-38a3-4218-8525-046043e6244b:3,3c4ddc40-5044-4f30-8a5d-e25d48ee9dac:5"
23821f2b-1331-46a7-965f-bda871d704e7,Donna Taylor,65,MALE,"fbd99aa9-b3a8-4539-9cc5-b9279be6c0c0:1,b9319d66-399c-4ce0-b0c2-f4af6bd99e1e:1,200acf51-ac18-4a7d-8f7a-e024179a3639:3,f1c1cc63-de45-4d53-a06e-e9089306cd54:3,51e54c92-421b-4824-b121-5cca30ade69e:3,c379036c-3a23-4ac0-a971-56de650b0ea6:5,d5ccb904-2528-4882-85be-c1ff21ec3900:2,b5a523f6-a51f-434f-ada0-6c868266b915:3,2963e33a-757a-4262-b0d5-26c10ef51ae2:5,a241e301-aefa-4d0b-94bf-ed5fcdbb19f8:3,2d4bdeb8-0ed8-4f19-b6d8-d01cec80da42:1,2a4fdba2-38a3-4218-8525-046043e6244b:2"
dd5a980a-d7b8-4666-a0b5-373063ec8b4f,Jonathan Adams,48,MALE,"88958edd-d2bd-4c9a-b25d-3bd89189bb93:3,33751487-97d9-49dc-a789-de98a5ded67f:5,cf0595a9-4efc-4267-845b-69ad250fc787:5,5f13dbfa-4785-4ee8-93d2-03d35cb272a5:5,70e5d920-1d7f-4be0-b23b-cf8f9991950a:2,51e54c92-421b-4824-b121-5cca30ade69e:2,3cafb939-6443-4e45-accd-2cc7707f20d2:1,120eed7d-317d-480e-a3fa-49f1ab36eda7:1,2a4fdba2-38a3-4218-8525-046043e6244b:5,67a5048f-4561-455f-920f-0a9c872635c6:4,62b0b596-aba0-488d-8528-6ac85513643e:5,b5a523f6-a51f-434f-ada0-6c868266b915:5,affa2b28-e26c-429b-b700-9c4e0e2930f1:1"
e8bd03fa-e87f-4885-b1f5-5003e2535c61,Melissa Martin,48,MALE,"cf0595a9-4efc-4267-845b-69ad250fc787:1,79d8ec63-ffd5-4baf-b629-75cd7bec1b82:2,86ab5772-a3f4-4a53-aec2-b6cfbd428185:3,9b9e7c7b-73d8-4622-8aae-3c11eb576bff:4,5fd14ec2-ba53-4e0b-8cca-90e420217b38:2,ab5bc309-27fe-4566-b359-b808dffb0c6c:3,12f0990e-bada-49fe-ab06-6526901a471c:4,33751487-97d9-49dc-a789-de98a5ded67f:3,4cdee7ac-a52b-4913-92b2-0921c859e116:1,2d4bdeb8-0ed8-4f19-b6d8-d01cec80da42:2,8162a59a-44ba-4e02-bc97-a4b7f1a61ce7:3,d5ccb904-2528-4882-85be-c1ff21ec3900:2"
6348556f-2004-46dc-9bb2-0135d2adac3b,Cynthia Sanchez,40,FEMALE,"84ff8e68-beda-4e27-a5b8-9c762fc5f294:2,8288a4c5-9fe2-4417-b7f9-1d3be535e893:3,79d8ec63-ffd5-4baf-b629-75cd7bec1b82:5,826a9116-34a4-47b7-a548-c268e7a0af61:2,5f13dbfa-4785-4ee8-93d2-03d35cb272a5:2,e48be7f3-25bd-4cf1-bb8c-611efa45513c:1,92cdfa5d-fe13-44f9-a14f-723acf5a96a0:1,ed8c428c-80c9-490f-af41-58e7c9273ca3:5,950146f0-bb29-47fb-bb7e-795c5bed062b:2,f1c1cc63-de45-4d53-a06e-e9089306cd54:1,e574d96d-6ad2-47f9-8b5b-2b7370eb86c5:3,7b2b10fc-b662-4db8-9cda-c5b59d10afe1:4,d5ccb904-2528-4882-85be-c1ff21ec3900:2"
200acf51-ac18-4a7d-8f7a-e024179a3639,Angela Lee,23,FEMALE,"23821f2b-1331-46a7-965f-bda871d704e7:3,3c4ddc40-5044-4f30-8a5d-e25d48ee9dac:4,31829fdf-b242-40cf-b7ee-a1426a634c4f:3,3cafb939-6443-4e45-accd-2cc7707f20d2:3,544e1117-d1e5-4239-8529-724f1825a572:3,8288a4c5-9fe2-4417-b7f9-1d3be535e893:5,1220dffb-7dba-4bf7-a984-59ffef16b797:2,e574d96d-6ad2-47f9-8b5b-2b7370eb86c5:1,45af9329-fcb6-4bef-aa45-a11d74837fe5:5,e48be7f3-25bd-4cf1-bb8c-611efa45513c:3,453fd582-18cf-4042-bd64-6a6fa033dafd:5"
20c5280f-604d-490b-9ae2-4fca00490ea5,Sandra Martinez,37,FEMALE,"84ff8e68-beda-4e27-a5b8-9c762fc5f294:4,3e4444bf-e9c5-4c7c-ae4e-eb8d3b3813d8:5,da6ff404-61d0-4b4b-b53e-9e9f648cf1f4:4,88958edd-d2bd-4c9a-b25d-3bd89189bb93:4,ed8c428c-80c9-490f-af41-58e7c9273ca3:3,f1c1cc63-de45-4d53-a06e-e9089306cd54:3,a241e301-aefa-4d0b-94bf-ed5fcdbb19f8:5,d5ccb904-2528-4882-85be-c1ff21ec3900:5,96b791f8-a142-4867-8095-681804aa360a:5,994f90e5-ff3c-4c27-bb51-6743ded091f0:1,bbb5ee43-2b96-48c3-b3c0-06a185e8f569:5,6f0d9efb-5886-43b4-a117-94a8d2efd341:4"
3649edbb-17b5-4137-9fc7-4904e4889a62,Kimberly Williams,42,MALE,"03dd3029-49a5-4789-8b4c-4132746441e3:3,3c4ddc40-5044-4f30-8a5d-e25d48ee9dac:4,0bfe82ce-5271-413e-b191-95b07c511505:3,b5a523f6-a51f-434f-ada0-6c868266b915:5,6f0d9efb-5886-43b4-a117-94a8d2efd341:3,9b9e7c7b-73d8-4622-8aae-3c11eb576bff:4,31829fdf-b242-40cf-b7ee-a1426a634c4f:4,affa2b28-e26c-429b-b700-9c4e0e2930f1:1,d5ccb904-2528-4882-85be-c1ff21ec3900:4"
62b0b596-aba0-488d-8528-6ac85513643e,Joseph Allen,26,MALE,"dd5a980a-d7b8-4666-a0b5-373063ec8b4f:5,a241e301-aefa-4d0b-94bf-ed5fcdbb19f8:4,ab5bc309-27fe-4566-b359-b808dffb0c6c:5,88c4b2fd-f797-4176-ab9c-622ba7d6b28e:3,865119b7-8d5a-45dd-96dd-943205eaa097:2,5fd14ec2-ba53-4e0b-8cca-90e420217b38:5,2fa362e4-fbc1-4f14-9b8e-08fab664d1dd:1,4cdee7ac-a52b-4913-92b2-0921c859e116:2,03dd3029-49a5-4789-8b4c-4132746441e3:2,a2e5e4cb-3863-4f3a-a3ea-5f9da2c6553a:4,70e3999d-808f-43e3-b8a6-13b3eac5cb8e:5,39e9ab62-d678-4f90-aea3-2f751e691171:5"
88958edd-d2bd-4c9a-b25d-3bd89189bb93,Patricia Gonzalez,29,FEMALE,"dd5a980a-d7b8-4666-a0b5-373063ec8b4f:3,20c5280f-604d-490b-9ae2-4fca00490ea5:4,12f0990e-bada-49fe-ab06-6526901a471c:2,0bfe82ce-5271-413e-b191-95b07c511505:1,31829fdf-b242-40cf-b7ee-a1426a634c4f:5,70e5d920-1d7f-4be0-b23b-cf8f9991950a:3,fbd99aa9-b3a8-4539-9cc5-b9279be6c0c0:4,51e54c92-421b-4824-b121-5cca30ade69e:2,86ab5772-a3f4-4a53-aec2-b6cfbd428185:5,994f90e5-ff3c-4c27-bb51-6743ded091f0:1,03dd3029-49a5-4789-8b4c-4132746441e3:4,da6ff404-61d0-4b4b-b53e-9e9f648cf1f4:2,5f13dbfa-4785-4ee8-93d2-03d35cb272a5:3,4e6b9c90-2d46-48c5-a7a2-7dc2b6f8c0f7:3"
96b791f8-a142-4867-8095-681804aa360a,Anthony Campbell,65,MALE,"84ff8e68-beda-4e27-a5b8-9c762fc5f294:5,3cafb939-6443-4e45-accd-2cc7707f20d2:5,20c5280f-604d-490b-9ae2-4fca00490ea5:5,6f0d9efb-5886-43b4-a117-94a8d2efd341:4,fbd99aa9-b3a8-4539-9cc5-b9279be6c0c0:1,f1c1cc63-de45-4d53-a06e-e9089306cd54:5,cf0595a9-4efc-4267-845b-69ad250fc787:2,3e4444bf-e9c5-4c7c-ae4e-eb8d3b3813d8:4,0bfe82ce-5271-413e-b191-95b07c511505:2,aa2410b1-3438-4439-a58d-8206557060db:3,66236b54-fe59-4fd7-ae30-da14de17317c:2,45af9329-fcb6-4bef-aa45-a11d74837fe5:1,da6ff404-61d0-4b4b-b53e-9e9f648cf1f4:3,2fa362e4-fbc1-4f14-9b8e-08fab664d1dd:1"
ab5bc309-27fe-4566-b359-b808dffb0c6c,Dorothy Lopez,32,FEMALE,"12f0990e-bada-49fe-ab06-6526901a471c:1,e8bd03fa-e87f-4885-b1f5-5003e2535c61:3,62b0b596-aba0-488d-8528-6ac85513643e:5,6f0d9efb-5886-43b4-a117-94a8d2efd341:2,51e54c92-421b-4824-b121-5cca30ade69e:1,8162a59a-44ba-4e02-bc97-a4b7f1a61ce7:5,66236b54-fe59-4fd7-ae30-da14de17317c:1,2fa362e4-fbc1-4f14-9b8e-08fab664d1dd:4,1220dffb-7dba-4bf7-a984-59ffef16b797:1,b5a523f6-a51f-434f-ada0-6c868266b915:5,a2e5e4cb-3863-4f3a-a3ea-5f9da2c6553a:1,a5f58563-705b-41c5-87e2-aead5b61c105:1,7929d151-cf08-445b-b673-5da3157af796:1,496e0e95-560b-4eec-b09a-955b01f4cf72:5,9b9e7c7b-73d8-4622-8aae-3c11eb576bff:2"
51e54c92-421b-4824-b121-5cca30ade69e,Andrew Martin,32,FEMALE,"23821f2b-1331-46a7-965f-bda871d704e7:3,dd5a980a-d7b8-4666-a0b5-373063ec8b4f:2,ab5bc309-27fe-4566-b359-b808dffb0c6c:1,544e1117-d1e5-4239-8529-724f1825a572:3,e574d96d-6ad2-47f9-8b5b-2b7370eb86c5:2,2963e33a-757a-4262-b0d5-26c10ef51ae2:2,88958edd-d2bd-4c9a-b25d-3bd89189bb93:2,ed8c428c-80c9-490f-af41-58e7c9273ca3:4,88c4b2fd-f797-4176-ab9c-622ba7d6b28e:5,120eed7d-317d-480e-a3fa-49f1ab36eda7:1,39e9ab62-d678-4f90-aea3-2f751e691171:2,9b9e7c7b-73d8-4622-8aae-3c11eb576bff:5,da6ff404-61d0-4b4b-b53e-9e9f648cf1f4:2,3c4ddc40-5044-4f30-8a5d-e25d48ee9dac:3,2fa362e4-fbc1-4f14-9b8e-08fab664d1dd:5,33751487-97d9-49dc-a789-de98a5ded67f:4,453fd582-18cf-4042-bd64-6a6fa033dafd:4"
5fd14ec2-ba53-4e0b-8cca-90e420217b38,Scott King,37,MALE,"67a5048f-4561-455f-920f-0a9c872635c6:3,c379036c-3a23-4ac0-a971-56de650b0ea6:5,e8bd03fa-e87f-4885-b1f5-5003e2535c61:2,62b0b596-aba0-488d-8528-6ac85513643e:5,a2e5e4cb-3863-4f3a-a3ea-5f9da2c6553a:2,ed8c428c-80c9-490f-af41-58e7c9273ca3:3,5f13dbfa-4785-4ee8-93d2-03d35cb272a5:4,7b2b10fc-b662-4db8-9cda-c5b59d10afe1:2,84ff8e68-beda-4e27-a5b8-9c762fc5f294:3,7929d151-cf08-445b-b673-5da3157af796:4,453fd582-18cf-4042-bd64-6a6fa033dafd:3,70e3999d-808f-43e3-b8a6-13b3eac5cb8e:5,d5ccb904-2528-4882-85be-c1ff21ec3900:3,8288a4c5-9fe2-4417-b7f9-1d3be535e893:5,88c4b2fd-f797-4176-ab9c-622ba7d6b28e:2,120eed7d-317d-480e-a3fa-49f1ab36eda7:1,8162a59a-44ba-4e02-bc97-a4b7f1a61ce7:5,544e1117-d1e5-4239-8529-724f1825a572:3"
496e0e95-560b-4eec-b09a-955b01f4cf72,Richard Sanchez,42,MALE,"d5ccb904-2528-4882-85be-c1ff21ec3900:2,92cdfa5d-fe13-44f9-a14f-723acf5a96a0:2,70e3999d-808f-43e3-b8a6-13b3eac5cb8e:3,b878c68a-b6d5-40ad-8076-274c6f32f30e:3,ab5bc309-27fe-4566-b359-b808dffb0c6c:5,556036d8-7fd9-4e41-a46c-586fc689dd8b:1,a2e5e4cb-3863-4f3a-a3ea-5f9da2c6553a:5,826a9116-34a4-47b7-a548-c268e7a0af61:2,ed8c428c-80c9-490f-af41-58e7c9273ca3:3,aa2410b1-3438-4439-a58d-8206557060db:2,4cdee7ac-a52b-4913-92b2-0921c859e116:1,7b2b10fc-b662-4db8-9cda-c5b59d10afe1:3,3c4ddc40-5044-4f30-8a5d-e25d48ee9dac:4"
a2e5e4cb-3863-4f3a-a3ea-5f9da2c6553a,Jason Walker,43,FEMALE,"12f0990e-bada-49fe-ab06-6526901a471c:4,ab5bc309-27fe-4566-b359-b808dffb0c6c:1,5fd14ec2-ba53-4e0b-8cca-90e420217b38:2,496e0e95-560b-4eec-b09a-955b01f4cf72:5,62b0b596-aba0-488d-8528-6ac85513643e:4,70e3999d-808f-43e3-b8a6-13b3eac5cb8e:2,39e9ab62-d678-4f90-aea3-2f751e691171:3,70e5d920-1d7f-4be0-b23b-cf8f9991950a:5,e48be7f3-25bd-4cf1-bb8c-611efa45513c:1,544e1117-d1e5-4239-8529-724f1825a572:3,6f0d9efb-5886-43b4-a117-94a8d2efd341:2,7a7f5daa-8de1-429a-b579-d84ef02026bb:3,feea3b5f-5ff4-4393-81d0-fcbe1f635868:4,03dd3029-49a5-4789-8b4c-4132746441e3:3,826a9116-34a4-47b7-a548-c268e7a0af61:3,950146f0-bb29-47fb-bb7e-795c5bed062b:4,a241e301-aefa-4d0b-94bf-ed5fcdbb19f8:5,e574d96d-6ad2-47f9-8b5b-2b7370eb86c5:5,92cdfa5d-fe13-44f9-a14f-723acf5a96a0:3,5f13dbfa-4785-4ee8-93d2-03d35cb272a5:2,2a4fdba2-38a3-4218-8525-046043e6244b:1,8162a59a-44ba-4e02-bc97-a4b7f1a61ce7:4"
556036d8-7fd9-4e41-a46c-586fc689dd8b,Richard Allen,58,MALE,"496e0e95-560b-4eec-b09a-955b01f4cf72:1,45af9329-fcb6-4bef-aa45-a11d74837fe5:5,c379036c-3a23-4ac0-a971-56de650b0ea6:4,67a5048f-4561-455f-920f-0a9c872635c6:1,950146f0-bb29-47fb-bb7e-795c5bed062b:3,e48be7f3-25bd-4cf1-bb8c-611efa45513c:2,0bfe82ce-5271-413e-b191-95b07c511505:4,66236b54-fe59-4fd7-ae30-da14de17317c:1,70e5d920-1d7f-4be0-b23b-cf8f9991950a:1,92cdfa5d-fe13-44f9-a14f-723acf5a96a0:5"
826a9116-34a4-47b7-a548-c268e7a0af61,Sharon Jackson,57,FEMALE,"84ff8e68-beda-4e27-a5b8-9c762fc5f294:3,fbd99aa9-b3a8-4539-9cc5-b9279be6c0c0:3,6348556f-2004-46dc-9bb2-0135d2adac3b:2,496e0e95-560b-4eec-b09a-955b01f4cf72:2,b7a836a8-a5fb-45ef-81ac-8c010ae48ebd:2,a2e5e4cb-3863-4f3a-a3ea-5f9da2c6553a:3,4e6b9c90-2d46-48c5-a7a2-7dc2b6f8c0f7:4,7b2b10fc-b662-4db8-9cda-c5b59d10afe1:3,3c4ddc40-5044-4f30-8a5d-e25d48ee9dac:1"
70e3999d-808f-43e3-b8a6-13b3eac5cb8e,Nicole Roberts,63,MALE,"5fd14ec2-ba53-4e0b-8cca-90e420217b38:5,496e0e95-560b-4eec-b09a-955b01f4cf72:3,a2e5e4cb-3863-4f3a-a3ea-5f9da2c6553a:2,994f90e5-ff3c-4c27-bb51-6743ded091f0:3,45af9329-fcb6-4bef-aa45-a11d74837fe5:3,62b0b596-aba0-488d-8528-6ac85513643e:5,b7a836a8-a5fb-45ef-81ac-8c010ae48ebd:3,a5f58563-705b-41c5-87e2-aead5b61c105:1,2963e33a-757a-4262-b0d5-26c10ef51ae2:3,feea3b5f-5ff4-4393-81d0-fcbe1f635868:4,9dc006c4-f6b7-4c46-9d71-9c18494da804:5,3cab5486-777b-484e-9696-6b8ffdfa01fd:5,affa2b28-e26c-429b-b700-9c4e0e2930f1:3"
88c4b2fd-f797-4176-ab9c-622ba7d6b28e,Lisa Roberts,33,MALE,"62b0b596-aba0-488d-8528-6ac85513643e:3,4e6b9c90-2d46-48c5-a7a2-7dc2b6f8c0f7:2,39e9ab62-d678-4f90-aea3-2f751e691171:5,51e54c92-421b-4824-b121-5cca30ade69e:5,31829fdf-b242-40cf-b7ee-a1426a634c4f:1,5fd14ec2-ba53-4e0b-8cca-90e420217b38:2,b9319d66-399c-4ce0-b0c2-f4af6bd99e1e:2,d5ccb904-2528-4882-85be-c1ff21ec3900:1,92cdfa5d-fe13-44f9-a14f-723acf5a96a0:4,f1c1cc63-de45-4d53-a06e-e9089306cd54:1,a5f58563-705b-41c5-87e2-aead5b61c105:5,950146f0-bb29-47fb-bb7e-795c5bed062b:5,e574d96d-6ad2-47f9-8b5b-2b7370eb86c5:2,bbb5ee43-2b96-48c3-b3c0-06a185e8f569:5,6f0d9efb-5886-43b4-a117-94a8d2efd341:3,453fd582-18cf-4042-bd64-6a6fa033dafd:4"
31829fdf-b242-40cf-b7ee-a1426a634c4f,Rebecca Johnson,32,FEMALE,"67a5048f-4561-455f-920f-0a9c872635c6:4,200acf51-ac18-4a7d-8f7a-e024179a3639:3,3649edbb-17b5-4137-9fc7-4904e4889a62:4,88958edd-d2bd-4c9a-b25d-3bd89189bb93:5,88c4b2fd-f797-4176-ab9c-622ba7d6b28e:1,668c1bf5-5ada-411b-9580-e2488e1e64a5:1,6f0d9efb-5886-43b4-a117-94a8d2efd341:3,2d4bdeb8-0ed8-4f19-b6d8-d01cec80da42:5,7a7f5daa-8de1-429a-b579-d84ef02026bb:4,2fa362e4-fbc1-4f14-9b8e-08fab664d1dd:3,39e9ab62-d678-4f90-aea3-2f751e691171:4,79d8ec63-ffd5-4baf-b629-75cd7bec1b82:5,120eed7d-317d-480e-a3fa-49f1ab36eda7:4,950146f0-bb29-47fb-bb7e-795c5bed062b:2,66236b54-fe59-4fd7-ae30-da14de17317c:4,9dc006c4-f6b7-4c46-9d71-9c18494da804:2,544e1117-d1e5-4239-8529-724f1825a572:4"
7929d151-cf08-445b-b673-5da3157af796,Anna Taylor,35,FEMALE,"ab5bc309-27fe-4566-b359-b808dffb0c6c:1,5fd14ec2-ba53-4e0b-8cca-90e420217b38:4,4cdee7ac-a52b-4913-92b2-0921c859e116:1,8162a59a-44ba-4e02-bc97-a4b7f1a61ce7:3,120eed7d-317d-480e-a3fa-49f1ab36eda7:4,9b9e7c7b-73d8-4622-8aae-3c11eb576bff:2,7b2b10fc-b662-4db8-9cda-c5b59d10afe1:3,79d8ec63-ffd5-4baf-b629-75cd7bec1b82:5,3cafb939-6443-4e45-accd-2cc7707f20d2:5,cf0595a9-4efc-4267-845b-69ad250fc787:4,b878c68a-b6d5-40ad-8076-274c6f32f30e:4,2963e33a-757a-4262-b0d5-26c10ef51ae2:1,0bfe82ce-5271-413e-b191-95b07c511505:4,b5a523f6-a51f-434f-ada0-6c868266b915:5,70e5d920-1d7f-4be0-b23b-cf8f9991950a:4,f1c1cc63-de45-4d53-a06e-e9089306cd54:4"
a5f58563-705b-41c5-87e2-aead5b61c105,Mark Ramirez,19,MALE,"fbd99aa9-b3a8-4539-9cc5-b9279be6c0c0:5,ab5bc309-27fe-4566-b359-b808dffb0c6c:1,544e1117-d1e5-4239-8529-724f1825a572:2,f1c1cc63-de45-4d53-a06e-e9089306cd54:5,70e3999d-808f-43e3-b8a6-13b3eac5cb8e:1,994f90e5-ff3c-4c27-bb51-6743ded091f0:3,88c4b2fd-f797-4176-ab9c-622ba7d6b28e:5,c5ab11da-2769-4211-80b5-be94652ec70e:5,1220dffb-7dba-4bf7-a984-59ffef16b797:2,3cab5486-777b-484e-9696-6b8ffdfa01fd:5,66236b54-fe59-4fd7-ae30-da14de17317c:2,3c4ddc40-5044-4f30-8a5d-e25d48ee9dac:5,2fa362e4-fbc1-4f14-9b8e-08fab664d1dd:2"
2963e33a-757a-4262-b0d5-26c10ef51ae2,Brandon Brown,25,FEMALE,"b9319d66-399c-4ce0-b0c2-f4af6bd99e1e:3,51e54c92-421b-4824-b121-5cca30ade69e:2,03dd3029-49a5-4789-8b4c-4132746441e3:2,f1c1cc63-de45-4d53-a06e-e9089306cd54:4,3c4ddc40-5044-4f30-8a5d-e25d48ee9dac:2,994f90e5-ff3c-4c27-bb51-6743ded091f0:5,70e3999d-808f-43e3-b8a6-13b3eac5cb8e:3,45af9329-fcb6-4bef-aa45-a11d74837fe5:1,79d8ec63-ffd5-4baf-b629-75cd7bec1b82:5,7929d151-cf08-445b-b673-5da3157af796:1,9b9e7c7b-73d8-4622-8aae-3c11eb576bff:1,23821f2b-1331-46a7-965f-bda871d704e7:5,92cdfa5d-fe13-44f9-a14f-723acf5a96a0:1"
b7a836a8-a5fb-45ef-81ac-8c010ae48ebd,Mark Flores,48,FEMALE,"826a9116-34a4-47b7-a548-c268e7a0af61:2,70e3999d-808f-43e3-b8a6-13b3eac5cb8e:3,a241e301-aefa-4d0b-94bf-ed5fcdbb19f8:1,2fa362e4-fbc1-4f14-9b8e-08fab664d1dd:3,2d4bdeb8-0ed8-4f19-b6d8-d01cec80da42:5,2a4fdba2-38a3-4218-8525-046043e6244b:5,feea3b5f-5ff4-4393-81d0-fcbe1f635868:2,03dd3029-49a5-4789-8b4c-4132746441e3:5,e48be7f3-25bd-4cf1-bb8c-611efa45513c:3,7a7f5daa-8de1-429a-b579-d84ef02026bb:1,544e1117-d1e5-4239-8529-724f1825a572:5"
950146f0-bb29-47fb-bb7e-795c5bed062b,Jonathan Brown,50,MALE,"8288a4c5-9fe2-4417-b7f9-1d3be535e893:4,6348556f-2004-46dc-9bb2-0135d2adac3b:2,556036d8-7fd9-4e41-a46c-586fc689dd8b:3,3cafb939-6443-4e45-accd-2cc7707f20d2:2,feea3b5f-5ff4-4393-81d0-fcbe1f635868:1,2d4bdeb8-0ed8-4f19-b6d8-d01cec80da42:2,b5a523f6-a51f-434f-ada0-6c868266b915:1,88c4b2fd-f797-4176-ab9c-622ba7d6b28e:5,a2e5e4cb-3863-4f3a-a3ea-5f9da2c6553a:4,31829fdf-b242-40cf-b7ee-a1426a634c4f:2,4cdee7ac-a52b-4913-92b2-0921c859e116:2,2fa362e4-fbc1-4f14-9b8e-08fab664d1dd:1,120eed7d-317d-480e-a3fa-49f1ab36eda7:2,45af9329-fcb6-4bef-aa45-a11d74837fe5:4,5f13dbfa-4785-4ee8-93d2-03d35cb272a5:1,453fd582-18cf-4042-bd64-6a6fa033dafd:2"
86ab5772-a3f4-4a53-aec2-b6cfbd428185,George Mitchell,26,MALE,"8288a4c5-9fe2-4417-b7f9-1d3be535e893:5,b878c68a-b6d5-40ad-8076-274c6f32f30e:2,e8bd03fa-e87f-4885-b1f5-5003e2535c61:3,70e5d920-1d7f-4be0-b23b-cf8f9991950a:5,bbb5ee43-2b96-48c3-b3c0-06a185e8f569:1,3cafb939-6443-4e45-accd-2cc7707f20d2:2,84ff8e68-beda-4e27-a5b8-9c762fc5f294:5,88958edd-d2bd-4c9a-b25d-3bd89189bb93:5,b5a523f6-a51f-434f-ada0-6c868266b915:1,e574d96d-6ad2-47f9-8b5b-2b7370eb86c5:1,4cdee7ac-a52b-4913-92b2-0921c859e116:2,3cab5486-777b-484e-9696-6b8ffdfa01fd:1,6f0d9efb-5886-43b4-a117-94a8d2efd341:1"
feea3b5f-5ff4-4393-81d0-fcbe1f635868,Larry Hernandez,60,FEMALE,"12f0990e-bada-49fe-ab06-6526901a471c:1,cf0595a9-4efc-4267-845b-69ad250fc787:2,a2e5e4cb-3863-4f3a-a3ea-5f9da2c6553a:4,950146f0-bb29-47fb-bb7e-795c5bed062b:1,33751487-97d9-49dc-a789-de98a5ded67f:3,67a5048f-4561-455f-920f-0a9c872635c6:5,e48be7f3-25bd-4cf1-bb8c-611efa45513c:1,70e3999d-808f-43e3-b8a6-13b3eac5cb8e:4,7a7f5daa-8de1-429a-b579-d84ef02026bb:3,2d4bdeb8-0ed8-4f19-b6d8-d01cec80da42:4,f1c1cc63-de45-4d53-a06e-e9089306cd54:3,03dd3029-49a5-4789-8b4c-4132746441e3:5,b7a836a8-a5fb-45ef-81ac-8c010ae48ebd:2,e574d96d-6ad2-47f9-8b5b-2b7370eb86c5:5,5f13dbfa-4785-4ee8-93d2-03d35cb272a5:1,bbb5ee43-2b96-48c3-b3c0-06a185e8f569:3,6f0d9efb-5886-43b4-a117-94a8d2efd341:1,453fd582-18cf-4042-bd64-6a6fa033dafd:4"
3e4444bf-e9c5-4c7c-ae4e-eb8d3b3813d8,Jonathan Flores,37,FEMALE,"b878c68a-b6d5-40ad-8076-274c6f32f30e:1,3cafb939-6443-4e45-accd-2cc7707f20d2:4,79d8ec63-ffd5-4baf-b629-75cd7bec1b82:5,20c5280f-604d-490b-9ae2-4fca00490ea5:5,92cdfa5d-fe13-44f9-a14f-723acf5a96a0:1,865119b7-8d5a-45dd-96dd-943205eaa097:4,96b791f8-a142-4867-8095-681804aa360a:4,4e6b9c90-2d46-48c5-a7a2-7dc2b6f8c0f7:3,4cdee7ac-a52b-4913-92b2-0921c859e116:1,7b2b10fc-b662-4db8-9cda-c5b59d10afe1:1,03dd3029-49a5-4789-8b4c-4132746441e3:5,da6ff404-61d0-4b4b-b53e-9e9f648cf1f4:1,2d4bdeb8-0ed8-4f19-b6d8-d01cec80da42:2"
120eed7d-317d-480e-a3fa-49f1ab36eda7,Mark Walker,37,FEMALE,"84ff8e68-beda-4e27-a5b8-9c762fc5f294:1,3cafb939-6443-4e45-accd-2cc7707f20d2:5,dd5a980a-d7b8-4666-a0b5-373063ec8b4f:1,31829fdf-b242-40cf-b7ee-a1426a634c4f:4,7929d151-cf08-445b-b673-5da3157af796:4,1220dffb-7dba-4bf7-a984-59ffef16b797:1,51e54c92-421b-4824-b121-5cca30ade69e:1,3c4ddc40-5044-4f30-8a5d-e25d48ee9dac:5,950146f0-bb29-47fb-bb7e-795c5bed062b:2,5fd14ec2-ba53-4e0b-8cca-90e420217b38:1,2fa362e4-fbc1-4f14-9b8e-08fab664d1dd:2,39e9ab62-d678-4f90-aea3-2f751e691171:4,45af9329-fcb6-4bef-aa45-a11d74837fe5:1"
39e9ab62-d678-4f90-aea3-2f751e691171,Nicholas Gomez,46,MALE,"a2e5e4cb-3863-4f3a-a3ea-5f9da2c6553a:3,88c4b2fd-f797-4176-ab9c-622ba7d6b28e:5,31829fdf-b242-40cf-b7ee-a1426a634c4f:4,7a7f5daa-8de1-429a-b579-d84ef02026bb:3,51e54c92-421b-4824-b121-5cca30ade69e:2,c379036c-3a23-4ac0-a971-56de650b0ea6:3,62b0b596-aba0-488d-8528-6ac85513643e:5,120eed7d-317d-480e-a3fa-49f1ab36eda7:4,c5ab11da-2769-4211-80b5-be94652ec70e:2,9b9e7c7b-73d8-4622-8aae-3c11eb576bff:3,994f90e5-ff3c-4c27-bb51-6743ded091f0:2"
0bfe82ce-5271-413e-b191-95b07c511505,Jason Johnson,49,FEMALE,"84ff8e68-beda-4e27-a5b8-9c762fc5f294:5,3649edbb-17b5-4137-9fc7-4904e4889a62:3,88958edd-d2bd-4c9a-b25d-3bd89189bb93:1,7929d151-cf08-445b-b673-5da3157af796:4,b5a523f6-a51f-434f-ada0-6c868266b915:3,556036d8-7fd9-4e41-a46c-586fc689dd8b:4,70e5d920-1d7f-4be0-b23b-cf8f9991950a:5,96b791f8-a142-4867-8095-681804aa360a:2,2fa362e4-fbc1-4f14-9b8e-08fab664d1dd:1"
a241e301-aefa-4d0b-94bf-ed5fcdbb19f8,Steven Adams,29,FEMALE,"1220dffb-7dba-4bf7-a984-59ffef16b797:3,84ff8e68-beda-4e27-a5b8-9c762fc5f294:2,20c5280f-604d-490b-9ae2-4fca00490ea5:5,62b0b596-aba0-488d-8528-6ac85513643e:4,b7a836a8-a5fb-45ef-81ac-8c010ae48ebd:1,23821f2b-1331-46a7-965f-bda871d704e7:3,a2e5e4cb-3863-4f3a-a3ea-5f9da2c6553a:5,2fa362e4-fbc1-4f14-9b8e-08fab664d1dd:4,8162a59a-44ba-4e02-bc97-a4b7f1a61ce7:5,ed8c428c-80c9-490f-af41-58e7c9273ca3:5,92cdfa5d-fe13-44f9-a14f-723acf5a96a0:5,668c1bf5-5ada-411b-9580-e2488e1e64a5:2,6f0d9efb-5886-43b4-a117-94a8d2efd341:4"
e574d96d-6ad2-47f9-8b5b-2b7370eb86c5,Mark Sanchez,26,MALE,"b878c68a-b6d5-40ad-8076-274c6f32f30e:2,51e54c92-421b-4824-b121-5cca30ade69e:2,86ab5772-a3f4-4a53-aec2-b6cfbd428185:1,feea3b5f-5ff4-4393-81d0-fcbe1f635868:5,5f13dbfa-4785-4ee8-93d2-03d35cb272a5:5,b5a523f6-a51f-434f-ada0-6c868266b915:4,200acf51-ac18-4a7d-8f7a-e024179a3639:1,88c4b2fd-f797-4176-ab9c-622ba7d6b28e:2,6348556f-2004-46dc-9bb2-0135d2adac3b:3,a2e5e4cb-3863-4f3a-a3ea-5f9da2c6553a:5,bbb5ee43-2b96-48c3-b3c0-06a185e8f569:2"
b5a523f6-a51f-434f-ada0-6c868266b915,Melissa Thompson,53,FEMALE,"23821f2b-1331-46a7-965f-bda871d704e7:3,3649edbb-17b5-4137-9fc7-4904e4889a62:5,ab5bc309-27fe-4566-b359-b808dffb0c6c:5,950146f0-bb29-47fb-bb7e-795c5bed062b:1,86ab5772-a3f4-4a53-aec2-b6cfbd428185:1,0bfe82ce-5271-413e-b191-95b07c511505:3,e574d96d-6ad2-47f9-8b5b-2b7370eb86c5:4,994f90e5-ff3c-4c27-bb51-6743ded091f0:5,7929d151-cf08-445b-b673-5da3157af796:5,92cdfa5d-fe13-44f9-a14f-723acf5a96a0:2,544e1117-d1e5-4239-8529-724f1825a572:1,03dd3029-49a5-4789-8b4c-4132746441e3:3,9b9e7c7b-73d8-4622-8aae-3c11eb576bff:5,dd5a980a-d7b8-4666-a0b5-373063ec8b4f:5,f1c1cc63-de45-4d53-a06e-e9089306cd54:1,2d4bdeb8-0ed8-4f19-b6d8-d01cec80da42:1,d5ccb904-2528-4882-85be-c1ff21ec3900:2,ed8c428c-80c9-490f-af41-58e7c9273ca3:4,4cdee7ac-a52b-4913-92b2-0921c859e116:4,5f13dbfa-4785-4ee8-93d2-03d35cb272a5:1,6f0d9efb-5886-43b4-a117-94a8d2efd341:2"
ed8c428c-80c9-490f-af41-58e7c9273ca3,Melissa Wilson,19,FEMALE,"67a5048f-4561-455f-920f-0a9c872635c6:1,cf0595a9-4efc-4267-845b-69ad250fc787:5,c379036c-3a23-4ac0-a971-56de650b0ea6:3,6348556f-2004-46dc-9bb2-0135d2adac3b:5,20c5280f-604d-490b-9ae2-4fca00490ea5:3,51e54c92-421b-4824-b121-5cca30ade69e:4,5fd14ec2-ba53-4e0b-8cca-90e420217b38:3,b9319d66-399c-4ce0-b0c2-f4af6bd99e1e:2,4cdee7ac-a52b-4913-92b2-0921c859e116:4,12f0990e-bada-49fe-ab06-6526901a471c:3,3cafb939-6443-4e45-accd-2cc7707f20d2:1,a241e301-aefa-4d0b-94bf-ed5fcdbb19f8:5,b5a523f6-a51f-434f-ada0-6c868266b915:4,496e0e95-560b-4eec-b09a-955b01f4cf72:3,66236b54-fe59-4fd7-ae30-da14de17317c:5,5f13dbfa-4785-4ee8-93d2-03d35cb272a5:5,8162a59a-44ba-4e02-bc97-a4b7f1a61ce7:1,544e1117-d1e5-4239-8529-724f1825a572:2"
aa2410b1-3438-4439-a58d-8206557060db,Larry Roberts,58,MALE,"12f0990e-bada-49fe-ab06-6526901a471c:5,c379036c-3a23-4ac0-a971-56de650b0ea6:1,d5ccb904-2528-4882-85be-c1ff21ec3900:2,96b791f8-a142-4867-8095-681804aa360a:3,c5ab11da-2769-4211-80b5-be94652ec70e:3,8288a4c5-9fe2-4417-b7f9-1d3be535e893:2,496e0e95-560b-4eec-b09a-955b01f4cf72:2,2d4bdeb8-0ed8-4f19-b6d8-d01cec80da42:1"
9b9e7c7b-73d8-4622-8aae-3c11eb576bff,Lisa Thomas,20,FEMALE,"e8bd03fa-e87f-4885-b1f5-5003e2535c61:4,3649edbb-17b5-4137-9fc7-4904e4889a62:4,7929d151-cf08-445b-b673-5da3157af796:2,2963e33a-757a-4262-b0d5-26c10ef51ae2:1,b5a523f6-a51f-434f-ada0-6c868266b915:5,da6ff404-61d0-4b4b-b53e-9e9f648cf1f4:5,ab5bc309-27fe-4566-b359-b808dffb0c6c:2,51e54c92-421b-4824-b121-5cca30ade69e:5,2fa362e4-fbc1-4f14-9b8e-08fab664d1dd:3,39e9ab62-d678-4f90-aea3-2f751e691171:3,c5ab11da-2769-4211-80b5-be94652ec70e:1"
66236b54-fe59-4fd7-ae30-da14de17317c,Kimberly Johnson,50,MALE,"ab5bc309-27fe-4566-b359-b808dffb0c6c:1,3c4ddc40-5044-4f30-8a5d-e25d48ee9dac:1,96b791f8-a142-4867-8095-681804aa360a:2,31829fdf-b242-40cf-b7ee-a1426a634c4f:4,556036d8-7fd9-4e41-a46c-586fc689dd8b:1,6f0d9efb-5886-43b4-a117-94a8d2efd341:4,ed8c428c-80c9-490f-af41-58e7c9273ca3:5,da6ff404-61d0-4b4b-b53e-9e9f648cf1f4:4,a5f58563-705b-41c5-87e2-aead5b61c105:2,b9319d66-399c-4ce0-b0c2-f4af6bd99e1e:3,8162a59a-44ba-4e02-bc97-a4b7f1a61ce7:5,d5ccb904-2528-4882-85be-c1ff21ec3900:5"
45af9329-fcb6-4bef-aa45-a11d74837fe5,Ryan Taylor,25,MALE,"556036d8-7fd9-4e41-a46c-586fc689dd8b:5,70e3999d-808f-43e3-b8a6-13b3eac5cb8e:3,2963e33a-757a-4262-b0d5-26c10ef51ae2:1,6f0d9efb-5886-43b4-a117-94a8d2efd341:5,79d8ec63-ffd5-4baf-b629-75cd7bec1b82:4,200acf51-ac18-4a7d-8f7a-e024179a3639:5,120eed7d-317d-480e-a3fa-49f1ab36eda7:1,96b791f8-a142-4867-8095-681804aa360a:1,4e6b9c90-2d46-48c5-a7a2-7dc2b6f8c0f7:3,950146f0-bb29-47fb-bb7e-795c5bed062b:4,7b2b10fc-b662-4db8-9cda-c5b59d10afe1:2,c5ab11da-2769-4211-80b5-be94652ec70e:5,4cdee7ac-a52b-4913-92b2-0921c859e116:4,668c1bf5-5ada-411b-9580-e2488e1e64a5:3,544e1117-d1e5-4239-8529-724f1825a572:4,d5ccb904-2528-4882-85be-c1ff21ec3900:2"
c5ab11da-2769-4211-80b5-be94652ec70e,Anthony Jackson,19,MALE,"b9319d66-399c-4ce0-b0c2-f4af6bd99e1e:1,865119b7-8d5a-45dd-96dd-943205eaa097:3,cf0595a9-4efc-4267-845b-69ad250fc787:3,a5f58563-705b-41c5-87e2-aead5b61c105:5,39e9ab62-d678-4f90-aea3-2f751e691171:2,aa2410b1-3438-4439-a58d-8206557060db:3,453fd582-18cf-4042-bd64-6a6fa033dafd:4,45af9329-fcb6-4bef-aa45-a11d74837fe5:5,3c4ddc40-5044-4f30-8a5d-e25d48ee9dac:3,9b9e7c7b-73d8-4622-8aae-3c11eb576bff:1,c379036c-3a23-4ac0-a971-56de650b0ea6:1,6f0d9efb-5886-43b4-a117-94a8d2efd341:1,8162a59a-44ba-4e02-bc97-a4b7f1a61ce7:1,7b2b10fc-b662-4db8-9cda-c5b59d10afe1:2,67a5048f-4561-455f-920f-0a9c872635c6:3,5f13dbfa-4785-4ee8-93d2-03d35cb272a5:3,f1c1cc63-de45-4d53-a06e-e9089306cd54:2,2a4fdba2-38a3-4218-8525-046043e6244b:3"
70e5d920-1d7f-4be0-b23b-cf8f9991950a,Ryan Mitchell,48,FEMALE,"1220dffb-7dba-4bf7-a984-59ffef16b797:3,dd5a980a-d7b8-4666-a0b5-373063ec8b4f:2,88958edd-d2bd-4c9a-b25d-3bd89189bb93:3,a2e5e4cb-3863-4f3a-a3ea-5f9da2c6553a:5,86ab5772-a3f4-4a53-aec2-b6cfbd428185:5,0bfe82ce-5271-413e-b191-95b07c511505:5,d5ccb904-2528-4882-85be-c1ff21ec3900:1,994f90e5-ff3c-4c27-bb51-6743ded091f0:5,544e1117-d1e5-4239-8529-724f1825a572:5,7929d151-cf08-445b-b673-5da3157af796:4,556036d8-7fd9-4e41-a46c-586fc689dd8b:1,4cdee7ac-a52b-4913-92b2-0921c859e116:4,da6ff404-61d0-4b4b-b53e-9e9f648cf1f4:5,2a4fdba2-38a3-4218-8525-046043e6244b:5"
92cdfa5d-fe13-44f9-a14f-723acf5a96a0,Cynthia Flores,51,FEMALE,"c379036c-3a23-4ac0-a971-56de650b0ea6:4,6348556f-2004-46dc-9bb2-0135d2adac3b:1,496e0e95-560b-4eec-b09a-955b01f4cf72:2,88c4b2fd-f797-4176-ab9c-622ba7d6b28e:4,3e4444bf-e9c5-4c7c-ae4e-eb8d3b3813d8:1,b5a523f6-a51f-434f-ada0-6c868266b915:2,a2e5e4cb-3863-4f3a-a3ea-5f9da2c6553a:3,2963e33a-757a-4262-b0d5-26c10ef51ae2:1,03dd3029-49a5-4789-8b4c-4132746441e3:4,556036d8-7fd9-4e41-a46c-586fc689dd8b:5,f1c1cc63-de45-4d53-a06e-e9089306cd54:5,b9319d66-399c-4ce0-b0c2-f4af6bd99e1e:1,84ff8e68-beda-4e27-a5b8-9c762fc5f294:3,994f90e5-ff3c-4c27-bb51-6743ded091f0:2,a241e301-aefa-4d0b-94bf-ed5fcdbb19f8:5,2fa362e4-fbc1-4f14-9b8e-08fab664d1dd:5,2a4fdba2-38a3-4218-8525-046043e6244b:5,bbb5ee43-2b96-48c3-b3c0-06a185e8f569:1,544e1117-d1e5-4239-8529-724f1825a572:5,453fd582-18cf-4042-bd64-6a6fa033dafd:2"
4cdee7ac-a52b-4913-92b2-0921c859e116,Gary Rodriguez,20,MALE,"b878c68a-b6d5-40ad-8076-274c6f32f30e:1,cf0595a9-4efc-4267-845b-69ad250fc787:5,c379036c-3a23-4ac0-a971-56de650b0ea6:4,e8bd03fa-e87f-4885-b1f5-5003e2535c61:1,62b0b596-aba0-488d-8528-6ac85513643e:2,7929d151-cf08-445b-b673-5da3157af796:1,950146f0-bb29-47fb-bb7e-795c5bed062b:2,ed8c428c-80c9-490f-af41-58e7c9273ca3:4,b9319d66-399c-4ce0-b0c2-f4af6bd99e1e:4,70e5d920-1d7f-4be0-b23b-cf8f9991950a:4,86ab5772-a3f4-4a53-aec2-b6cfbd428185:2,3cab5486-777b-484e-9696-6b8ffdfa01fd:4,3e4444bf-e9c5-4c7c-ae4e-eb8d3b3813d8:1,496e0e95-560b-4eec-b09a-955b01f4cf72:1,45af9329-fcb6-4bef-aa45-a11d74837fe5:4,b5a523f6-a51f-434f-ada0-6c868266b915:4,453fd582-18cf-4042-bd64-6a6fa033dafd:2,f1c1cc63-de45-4d53-a06e-e9089306cd54:4"
668c1bf5-5ada-411b-9580-e2488e1e64a5,Matthew Wright,31,MALE,"8288a4c5-9fe2-4417-b7f9-1d3be535e893:4,31829fdf-b242-40cf-b7ee-a1426a634c4f:1,84ff8e68-beda-4e27-a5b8-9c762fc5f294:4,affa2b28-e26c-429b-b700-9c4e0e2930f1:2,45af9329-fcb6-4bef-aa45-a11d74837fe5:3,a241e301-aefa-4d0b-94bf-ed5fcdbb19f8:2,b878c68a-b6d5-40ad-8076-274c6f32f30e:3,f1c1cc63-de45-4d53-a06e-e9089306cd54:5"
f1c1cc63-de45-4d53-a06e-e9089306cd54,Betty Gomez,23,FEMALE,"67a5048f-4561-455f-920f-0a9c872635c6:1,865119b7-8d5a-45dd-96dd-943205eaa097:3,23821f2b-1331-46a7-965f-bda871d704e7:3,6348556f-2004-46dc-9bb2-0135d2adac3b:1,20c5280f-604d-490b-9ae2-4fca00490ea5:3,96b791f8-a142-4867-8095-681804aa360a:5,88c4b2fd-f797-4176-ab9c-622ba7d6b28e:1,a5f58563-705b-41c5-87e2-aead5b61c105:5,2963e33a-757a-4262-b0d5-26c10ef51ae2:4,feea3b5f-5ff4-4393-81d0-fcbe1f635868:3,b5a523f6-a51f-434f-ada0-6c868266b915:1,92cdfa5d-fe13-44f9-a14f-723acf5a96a0:5,5f13dbfa-4785-4ee8-93d2-03d35cb272a5:2,c5ab11da-2769-4211-80b5-be94652ec70e:2,7929d151-cf08-445b-b673-5da3157af796:4,668c1bf5-5ada-411b-9580-e2488e1e64a5:5,4cdee7ac-a52b-4913-92b2-0921c859e116:4,e48be7f3-25bd-4cf1-bb8c-611efa45513c:5"
7b2b10fc-b662-4db8-9cda-c5b59d10afe1,Nancy Scott,34,FEMALE,"5fd14ec2-ba53-4e0b-8cca-90e420217b38:2,7929d151-cf08-445b-b673-5da3157af796:3,45af9329-fcb6-4bef-aa45-a11d74837fe5:2,c5ab11da-2769-4211-80b5-be94652ec70e:2,d5ccb904-2528-4882-85be-c1ff21ec3900:2,67a5048f-4561-455f-920f-0a9c872635c6:2,e48be7f3-25bd-4cf1-bb8c-611efa45513c:5,6348556f-2004-46dc-9bb2-0135d2adac3b:4,826a9116-34a4-47b7-a548-c268e7a0af61:3,496e0e95-560b-4eec-b09a-955b01f4cf72:3,3e4444bf-e9c5-4c7c-ae4e-eb8d3b3813d8:1,03dd3029-49a5-4789-8b4c-4132746441e3:4,9dc006c4-f6b7-4c46-9d71-9c18494da804:3,7a7f5daa-8de1-429a-b579-d84ef02026bb:5,4e6b9c90-2d46-48c5-a7a2-7dc2b6f8c0f7:4"
994f90e5-ff3c-4c27-bb51-6743ded091f0,Edward Garcia,25,MALE,"b9319d66-399c-4ce0-b0c2-f4af6bd99e1e:5,70e3999d-808f-43e3-b8a6-13b3eac5cb8e:3,a5f58563-705b-41c5-87e2-aead5b61c105:3,2963e33a-757a-4262-b0d5-26c10ef51ae2:5,b5a523f6-a51f-434f-ada0-6c868266b915:5,70e5d920-1d7f-4be0-b23b-cf8f9991950a:5,92cdfa5d-fe13-44f9-a14f-723acf5a96a0:2,20c5280f-604d-490b-9ae2-4fca00490ea5:1,cf0595a9-4efc-4267-845b-69ad250fc787:5,39e9ab62-d678-4f90-aea3-2f751e691171:2,88958edd-d2bd-4c9a-b25d-3bd89189bb93:1,2a4fdba2-38a3-4218-8525-046043e6244b:1,affa2b28-e26c-429b-b700-9c4e0e2930f1:4"
03dd3029-49a5-4789-8b4c-4132746441e3,Barbara Ramirez,33,FEMALE,"b9319d66-399c-4ce0-b0c2-f4af6bd99e1e:4,79d8ec63-ffd5-4baf-b629-75cd7bec1b82:5,3649edbb-17b5-4137-9fc7-4904e4889a62:3,62b0b596-aba0-488d-8528-6ac85513643e:2,a2e5e4cb-3863-4f3a-a3ea-5f9da2c6553a:3,2963e33a-757a-4262-b0d5-26c10ef51ae2:2,feea3b5f-5ff4-4393-81d0-fcbe1f635868:5,b5a523f6-a51f-434f-ada0-6c868266b915:3,92cdfa5d-fe13-44f9-a14f-723acf5a96a0:4,2d4bdeb8-0ed8-4f19-b6d8-d01cec80da42:3,b7a836a8-a5fb-45ef-81ac-8c010ae48ebd:5,453fd582-18cf-4042-bd64-6a6fa033dafd:5,fbd99aa9-b3a8-4539-9cc5-b9279be6c0c0:3,7b2b10fc-b662-4db8-9cda-c5b59d10afe1:4,88958edd-d2bd-4c9a-b25d-3bd89189bb93:4,c379036c-3a23-4ac0-a971-56de650b0ea6:3,3e4444bf-e9c5-4c7c-ae4e-eb8d3b3813d8:5,3c4ddc40-5044-4f30-8a5d-e25d48ee9dac:4"
9dc006c4-f6b7-4c46-9d71-9c18494da804,Laura Adams,24,MALE,"31829fdf-b242-40cf-b7ee-a1426a634c4f:2,70e3999d-808f-43e3-b8a6-13b3eac5cb8e:5,7b2b10fc-b662-4db8-9cda-c5b59d10afe1:3,453fd582-18cf-4042-bd64-6a6fa033dafd:1,da6ff404-61d0-4b4b-b53e-9e9f648cf1f4:3,5f13dbfa-4785-4ee8-93d2-03d35cb272a5:5,affa2b28-e26c-429b-b700-9c4e0e2930f1:5,3c4ddc40-5044-4f30-8a5d-e25d48ee9dac:5"
da6ff404-61d0-4b4b-b53e-9e9f648cf1f4,Ashley Gomez,56,FEMALE,"3cafb939-6443-4e45-accd-2cc7707f20d2:2,20c5280f-604d-490b-9ae2-4fca00490ea5:4,9b9e7c7b-73d8-4622-8aae-3c11eb576bff:5,66236b54-fe59-4fd7-ae30-da14de17317c:4,3e4444bf-e9c5-4c7c-ae4e-eb8d3b3813d8:1,70e5d920-1d7f-4be0-b23b-cf8f9991950a:5,453fd582-18cf-4042-bd64-6a6fa033dafd:1,96b791f8-a142-4867-8095-681804aa360a:3,9dc006c4-f6b7-4c46-9d71-9c18494da804:3,88958edd-d2bd-4c9a-b25d-3bd89189bb93:2,51e54c92-421b-4824-b121-5cca30ade69e:2,2d4bdeb8-0ed8-4f19-b6d8-d01cec80da42:5,e48be7f3-25bd-4cf1-bb8c-611efa45513c:2,7a7f5daa-8de1-429a-b579-d84ef02026bb:3,8162a59a-44ba-4e02-bc97-a4b7f1a61ce7:5,2fa362e4-fbc1-4f14-9b8e-08fab664d1dd:1,d5ccb904-2528-4882-85be-c1ff21ec3900:3"
5f13dbfa-4785-4ee8-93d2-03d35cb272a5,Kevin Davis,31,MALE,"b9319d66-399c-4ce0-b0c2-f4af6bd99e1e:5,865119b7-8d5a-45dd-96dd-943205eaa097:4,dd5a980a-d7b8-4666-a0b5-373063ec8b4f:5,6348556f-2004-46dc-9bb2-0135d2adac3b:2,5fd14ec2-ba53-4e0b-8cca-90e420217b38:4,e574d96d-6ad2-47f9-8b5b-2b7370eb86c5:5,c5ab11da-2769-4211-80b5-be94652ec70e:3,f1c1cc63-de45-4d53-a06e-e9089306cd54:2,9dc006c4-f6b7-4c46-9d71-9c18494da804:5,950146f0-bb29-47fb-bb7e-795c5bed062b:1,3cab5486-777b-484e-9696-6b8ffdfa01fd:1,b5a523f6-a51f-434f-ada0-6c868266b915:1,88958edd-d2bd-4c9a-b25d-3bd89189bb93:3,feea3b5f-5ff4-4393-81d0-fcbe1f635868:1,ed8c428c-80c9-490f-af41-58e7c9273ca3:5,a2e5e4cb-3863-4f3a-a3ea-5f9da2c6553a:2,e48be7f3-25bd-4cf1-bb8c-611efa45513c:5"
2d4bdeb8-0ed8-4f19-b6d8-d01cec80da42,Laura Scott,28,FEMALE,"31829fdf-b242-40cf-b7ee-a1426a634c4f:5,b7a836a8-a5fb-45ef-81ac-8c010ae48ebd:5,950146f0-bb29-47fb-bb7e-795c5bed062b:2,feea3b5f-5ff4-4393-81d0-fcbe1f635868:4,b5a523f6-a51f-434f-ada0-6c868266b915:1,03dd3029-49a5-4789-8b4c-4132746441e3:3,3cafb939-6443-4e45-accd-2cc7707f20d2:1,aa2410b1-3438-4439-a58d-8206557060db:1,da6ff404-61d0-4b4b-b53e-9e9f648cf1f4:5,7a7f5daa-8de1-429a-b579-d84ef02026bb:4,6f0d9efb-5886-43b4-a117-94a8d2efd341:3,e8bd03fa-e87f-4885-b1f5-5003e2535c61:2,affa2b28-e26c-429b-b700-9c4e0e2930f1:3,79d8ec63-ffd5-4baf-b629-75cd7bec1b82:3,3e4444bf-e9c5-4c7c-ae4e-eb8d3b3813d8:2,23821f2b-1331-46a7-965f-bda871d704e7:1,d5ccb904-2528-4882-85be-c1ff21ec3900:1"
3cab5486-777b-484e-9696-6b8ffdfa01fd,Jason Martinez,56,FEMALE,"a5f58563-705b-41c5-87e2-aead5b61c105:5,4cdee7ac-a52b-4913-92b2-0921c859e116:4,5f13dbfa-4785-4ee8-93d2-03d35cb272a5:1,70e3999d-808f-43e3-b8a6-13b3eac5cb8e:5,cf0595a9-4efc-4267-845b-69ad250fc787:1,67a5048f-4561-455f-920f-0a9c872635c6:4,86ab5772-a3f4-4a53-aec2-b6cfbd428185:1,affa2b28-e26c-429b-b700-9c4e0e2930f1:2,b9319d66-399c-4ce0-b0c2-f4af6bd99e1e:1,6f0d9efb-5886-43b4-a117-94a8d2efd341:3,8162a59a-44ba-4e02-bc97-a4b7f1a61ce7:4"
2a4fdba2-38a3-4218-8525-046043e6244b,Ashley Scott,45,MALE,"79d8ec63-ffd5-4baf-b629-75cd7bec1b82:5,dd5a980a-d7b8-4666-a0b5-373063ec8b4f:5,b7a836a8-a5fb-45ef-81ac-8c010ae48ebd:5,c5ab11da-2769-4211-80b5-be94652ec70e:3,70e5d920-1d7f-4be0-b23b-cf8f9991950a:5,c379036c-3a23-4ac0-a971-56de650b0ea6:3,a2e5e4cb-3863-4f3a-a3ea-5f9da2c6553a:1,994f90e5-ff3c-4c27-bb51-6743ded091f0:1,bbb5ee43-2b96-48c3-b3c0-06a185e8f569:1,23821f2b-1331-46a7-965f-bda871d704e7:2,3c4ddc40-5044-4f30-8a5d-e25d48ee9dac:4,92cdfa5d-fe13-44f9-a14f-723acf5a96a0:5,7a7f5daa-8de1-429a-b579-d84ef02026bb:4,8162a59a-44ba-4e02-bc97-a4b7f1a61ce7:5,33751487-97d9-49dc-a789-de98a5ded67f:5"
e48be7f3-25bd-4cf1-bb8c-611efa45513c,Nancy Nguyen,52,MALE,"b878c68a-b6d5-40ad-8076-274c6f32f30e:1,6348556f-2004-46dc-9bb2-0135d2adac3b:1,a2e5e4cb-3863-4f3a-a3ea-5f9da2c6553a:1,556036d8-7fd9-4e41-a46c-586fc689dd8b:2,feea3b5f-5ff4-4393-81d0-fcbe1f635868:1,f1c1cc63-de45-4d53-a06e-e9089306cd54:5,7b2b10fc-b662-4db8-9cda-c5b59d10afe1:5,5f13dbfa-4785-4ee8-93d2-03d35cb272a5:5,da6ff404-61d0-4b4b-b53e-9e9f648cf1f4:2,b7a836a8-a5fb-45ef-81ac-8c010ae48ebd:3,200acf51-ac18-4a7d-8f7a-e024179a3639:3,7a7f5daa-8de1-429a-b579-d84ef02026bb:2,1220dffb-7dba-4bf7-a984-59ffef16b797:5,67a5048f-4561-455f-920f-0a9c872635c6:2,6f0d9efb-5886-43b4-a117-94a8d2efd341:3"
7a7f5daa-8de1-429a-b579-d84ef02026bb,Linda Martinez,47,MALE,"84ff8e68-beda-4e27-a5b8-9c762fc5f294:5,12f0990e-bada-49fe-ab06-6526901a471c:1,b9319d66-399c-4ce0-b0c2-f4af6bd99e1e:2,865119b7-8d5a-45dd-96dd-943205eaa097:4,cf0595a9-4efc-4267-845b-69ad250fc787:3,a2e5e4cb-3863-4f3a-a3ea-5f9da2c6553a:3,31829fdf-b242-40cf-b7ee-a1426a634c4f:4,feea3b5f-5ff4-4393-81d0-fcbe1f635868:3,39e9ab62-d678-4f90-aea3-2f751e691171:3,2d4bdeb8-0ed8-4f19-b6d8-d01cec80da42:4,e48be7f3-25bd-4cf1-bb8c-611efa45513c:2,2a4fdba2-38a3-4218-8525-046043e6244b:4,b7a836a8-a5fb-45ef-81ac-8c010ae48ebd:1,da6ff404-61d0-4b4b-b53e-9e9f648cf1f4:3,7b2b10fc-b662-4db8-9cda-c5b59d10afe1:5"
bbb5ee43-2b96-48c3-b3c0-06a185e8f569,Ryan Johnson,47,FEMALE,"c379036c-3a23-4ac0-a971-56de650b0ea6:2,86ab5772-a3f4-4a53-aec2-b6cfbd428185:1,2a4fdba2-38a3-4218-8525-046043e6244b:1,b878c68a-b6d5-40ad-8076-274c6f32f30e:2,92cdfa5d-fe13-44f9-a14f-723acf5a96a0:1,88c4b2fd-f797-4176-ab9c-622ba7d6b28e:5,67a5048f-4561-455f-920f-0a9c872635c6:2,e574d96d-6ad2-47f9-8b5b-2b7370eb86c5:2,feea3b5f-5ff4-4393-81d0-fcbe1f635868:3,453fd582-18cf-4042-bd64-6a6fa033dafd:4,20c5280f-604d-490b-9ae2-4fca00490ea5:5"
affa2b28-e26c-429b-b700-9c4e0e2930f1,Shirley Campbell,46,MALE,"fbd99aa9-b3a8-4539-9cc5-b9279be6c0c0:2,cf0595a9-4efc-4267-845b-69ad250fc787:4,668c1bf5-5ada-411b-9580-e2488e1e64a5:2,2d4bdeb8-0ed8-4f19-b6d8-d01cec80da42:3,3cab5486-777b-484e-9696-6b8ffdfa01fd:2,70e3999d-808f-43e3-b8a6-13b3eac5cb8e:3,b878c68a-b6d5-40ad-8076-274c6f32f30e:1,dd5a980a-d7b8-4666-a0b5-373063ec8b4f:1,67a5048f-4561-455f-920f-0a9c872635c6:2,9dc006c4-f6b7-4c46-9d71-9c18494da804:5,d5ccb904-2528-4882-85be-c1ff21ec3900:2,994f90e5-ff3c-4c27-bb51-6743ded091f0:4,3649edbb-17b5-4137-9fc7-4904e4889a62:1"
3c4ddc40-5044-4f30-8a5d-e25d48ee9dac,Susan Carter,57,MALE,"8288a4c5-9fe2-4417-b7f9-1d3be535e893:5,200acf51-ac18-4a7d-8f7a-e024179a3639:4,3649edbb-17b5-4137-9fc7-4904e4889a62:4,2963e33a-757a-4262-b0d5-26c10ef51ae2:2,120eed7d-317d-480e-a3fa-49f1ab36eda7:5,66236b54-fe59-4fd7-ae30-da14de17317c:1,c5ab11da-2769-4211-80b5-be94652ec70e:3,2a4fdba2-38a3-4218-8525-046043e6244b:4,826a9116-34a4-47b7-a548-c268e7a0af61:1,51e54c92-421b-4824-b121-5cca30ade69e:3,8162a59a-44ba-4e02-bc97-a4b7f1a61ce7:5,496e0e95-560b-4eec-b09a-955b01f4cf72:4,a5f58563-705b-41c5-87e2-aead5b61c105:5,03dd3029-49a5-4789-8b4c-4132746441e3:4,9dc006c4-f6b7-4c46-9d71-9c18494da804:5,c379036c-3a23-4ac0-a971-56de650b0ea6:5,33751487-97d9-49dc-a789-de98a5ded67f:2,4e6b9c90-2d46-48c5-a7a2-7dc2b6f8c0f7:4,d5ccb904-2528-4882-85be-c1ff21ec3900:1"
8162a59a-44ba-4e02-bc97-a4b7f1a61ce7,Rebecca Hernandez,31,MALE,"12f0990e-bada-49fe-ab06-6526901a471c:5,c379036c-3a23-4ac0-a971-56de650b0ea6:3,ab5bc309-27fe-4566-b359-b808dffb0c6c:5,7929d151-cf08-445b-b673-5da3157af796:3,a241e301-aefa-4d0b-94bf-ed5fcdbb19f8:5,c5ab11da-2769-4211-80b5-be94652ec70e:1,3c4ddc40-5044-4f30-8a5d-e25d48ee9dac:5,d5ccb904-2528-4882-85be-c1ff21ec3900:3,5fd14ec2-ba53-4e0b-8cca-90e420217b38:5,2a4fdba2-38a3-4218-8525-046043e6244b:5,66236b54-fe59-4fd7-ae30-da14de17317c:5,e8bd03fa-e87f-4885-b1f5-5003e2535c61:3,da6ff404-61d0-4b4b-b53e-9e9f648cf1f4:5,ed8c428c-80c9-490f-af41-58e7c9273ca3:1,3cab5486-777b-484e-9696-6b8ffdfa01fd:4,a2e5e4cb-3863-4f3a-a3ea-5f9da2c6553a:4"
2fa362e4-fbc1-4f14-9b8e-08fab664d1dd,Anna Moore,21,MALE,"67a5048f-4561-455f-920f-0a9c872635c6:5,865119b7-8d5a-45dd-96dd-943205eaa097:2,62b0b596-aba0-488d-8528-6ac85513643e:1,ab5bc309-27fe-4566-b359-b808dffb0c6c:4,31829fdf-b242-40cf-b7ee-a1426a634c4f:3,b7a836a8-a5fb-45ef-81ac-8c010ae48ebd:3,950146f0-bb29-47fb-bb7e-795c5bed062b:1,120eed7d-317d-480e-a3fa-49f1ab36eda7:2,0bfe82ce-5271-413e-b191-95b07c511505:1,a241e301-aefa-4d0b-94bf-ed5fcdbb19f8:4,9b9e7c7b-73d8-4622-8aae-3c11eb576bff:3,92cdfa5d-fe13-44f9-a14f-723acf5a96a0:5,33751487-97d9-49dc-a789-de98a5ded67f:4,51e54c92-421b-4824-b121-5cca30ade69e:5,96b791f8-a142-4867-8095-681804aa360a:1,4e6b9c90-2d46-48c5-a7a2-7dc2b6f8c0f7:1,a5f58563-705b-41c5-87e2-aead5b61c105:2,da6ff404-61d0-4b4b-b53e-9e9f648cf1f4:1"
33751487-97d9-49dc-a789-de98a5ded67f,Thomas Young,41,MALE,"1220dffb-7dba-4bf7-a984-59ffef16b797:1,dd5a980a-d7b8-4666-a0b5-373063ec8b4f:5,e8bd03fa-e87f-4885-b1f5-5003e2535c61:3,feea3b5f-5ff4-4393-81d0-fcbe1f635868:3,2fa362e4-fbc1-4f14-9b8e-08fab664d1dd:4,51e54c92-421b-4824-b121-5cca30ade69e:4,3c4ddc40-5044-4f30-8a5d-e25d48ee9dac:2,79d8ec63-ffd5-4baf-b629-75cd7bec1b82:1,2a4fdba2-38a3-4218-8525-046043e6244b:5"
4e6b9c90-2d46-48c5-a7a2-7dc2b6f8c0f7,William Johnson,53,FEMALE,"12f0990e-bada-49fe-ab06-6526901a471c:1,826a9116-34a4-47b7-a548-c268e7a0af61:4,88c4b2fd-f797-4176-ab9c-622ba7d6b28e:2,3e4444bf-e9c5-4c7c-ae4e-eb8d3b3813d8:3,45af9329-fcb6-4bef-aa45-a11d74837fe5:3,2fa362e4-fbc1-4f14-9b8e-08fab664d1dd:1,67a5048f-4561-455f-920f-0a9c872635c6:1,88958edd-d2bd-4c9a-b25d-3bd89189bb93:3,3c4ddc40-5044-4f30-8a5d-e25d48ee9dac:4,7b2b10fc-b662-4db8-9cda-c5b59d10afe1:4"
544e1117-d1e5-4239-8529-724f1825a572,Kimberly Martin,36,MALE,"1220dffb-7dba-4bf7-a984-59ffef16b797:2,200acf51-ac18-4a7d-8f7a-e024179a3639:3,51e54c92-421b-4824-b121-5cca30ade69e:3,a2e5e4cb-3863-4f3a-a3ea-5f9da2c6553a:3,a5f58563-705b-41c5-87e2-aead5b61c105:2,b5a523f6-a51f-434f-ada0-6c868266b915:1,70e5d920-1d7f-4be0-b23b-cf8f9991950a:5,b7a836a8-a5fb-45ef-81ac-8c010ae48ebd:5,31829fdf-b242-40cf-b7ee-a1426a634c4f:4,5fd14ec2-ba53-4e0b-8cca-90e420217b38:3,92cdfa5d-fe13-44f9-a14f-723acf5a96a0:5,45af9329-fcb6-4bef-aa45-a11d74837fe5:4,79d8ec63-ffd5-4baf-b629-75cd7bec1b82:5,ed8c428c-80c9-490f-af41-58e7c9273ca3:2,6f0d9efb-5886-43b4-a117-94a8d2efd341:3"
d5ccb904-2528-4882-85be-c1ff21ec3900,Amy Rivera,19,FEMALE,"fbd99aa9-b3a8-4539-9cc5-b9279be6c0c0:5,23821f2b-1331-46a7-965f-bda871d704e7:2,20c5280f-604d-490b-9ae2-4fca00490ea5:5,5fd14ec2-ba53-4e0b-8cca-90e420217b38:3,496e0e95-560b-4eec-b09a-955b01f4cf72:2,88c4b2fd-f797-4176-ab9c-622ba7d6b28e:1,b5a523f6-a51f-434f-ada0-6c868266b915:2,aa2410b1-3438-4439-a58d-8206557060db:2,70e5d920-1d7f-4be0-b23b-cf8f9991950a:1,7b2b10fc-b662-4db8-9cda-c5b59d10afe1:2,affa2b28-e26c-429b-b700-9c4e0e2930f1:2,8162a59a-44ba-4e02-bc97-a4b7f1a61ce7:3,e8bd03fa-e87f-4885-b1f5-5003e2535c61:2,2d4bdeb8-0ed8-4f19-b6d8-d01cec80da42:1,45af9329-fcb6-4bef-aa45-a11d74837fe5:2,3c4ddc40-5044-4f30-8a5d-e25d48ee9dac:1,6348556f-2004-46dc-9bb2-0135d2adac3b:2,66236b54-fe59-4fd7-ae30-da14de17317c:5,da6ff404-61d0-4b4b-b53e-9e9f648cf1f4:3,3649edbb-17b5-4137-9fc7-4904e4889a62:4,b878c68a-b6d5-40ad-8076-274c6f32f30e:3,12f0990e-bada-49fe-ab06-6526901a471c:5"
6f0d9efb-5886-43b4-a117-94a8d2efd341,Helen Thompson,20,FEMALE,"865119b7-8d5a-45dd-96dd-943205eaa097:5,3649edbb-17b5-4137-9fc7-4904e4889a62:3,96b791f8-a142-4867-8095-681804aa360a:4,ab5bc309-27fe-4566-b359-b808dffb0c6c:2,a2e5e4cb-3863-4f3a-a3ea-5f9da2c6553a:2,31829fdf-b242-40cf-b7ee-a1426a634c4f:3,66236b54-fe59-4fd7-ae30-da14de17317c:4,45af9329-fcb6-4bef-aa45-a11d74837fe5:5,c5ab11da-2769-4211-80b5-be94652ec70e:1,2d4bdeb8-0ed8-4f19-b6d8-d01cec80da42:3,3cab5486-777b-484e-9696-6b8ffdfa01fd:3,feea3b5f-5ff4-4393-81d0-fcbe1f635868:1,88c4b2fd-f797-4176-ab9c-622ba7d6b28e:3,3cafb939-6443-4e45-accd-2cc7707f20d2:3,cf0595a9-4efc-4267-845b-69ad250fc787:1,e48be7f3-25bd-4cf1-bb8c-611efa45513c:3,20c5280f-604d-490b-9ae2-4fca00490ea5:4,b5a523f6-a51f-434f-ada0-6c868266b915:2,544e1117-d1e5-4239-8529-724f1825a572:3,a241e301-aefa-4d0b-94bf-ed5fcdbb19f8:4,86ab5772-a3f4-4a53-aec2-b6cfbd428185:1"
453fd582-18cf-4042-bd64-6a6fa033dafd,Gary Wright,49,FEMALE,"b878c68a-b6d5-40ad-8076-274c6f32f30e:1,5fd14ec2-ba53-4e0b-8cca-90e420217b38:3,c5ab11da-2769-4211-80b5-be94652ec70e:4,4cdee7ac-a52b-4913-92b2-0921c859e116:2,03dd3029-49a5-4789-8b4c-4132746441e3:5,9dc006c4-f6b7-4c46-9d71-9c18494da804:1,da6ff404-61d0-4b4b-b53e-9e9f648cf1f4:1,bbb5ee43-2b96-48c3-b3c0-06a185e8f569:4,88c4b2fd-f797-4176-ab9c-622ba7d6b28e:4,feea3b5f-5ff4-4393-81d0-fcbe1f635868:4,8288a4c5-9fe2-4417-b7f9-1d3be535e893:2,950146f0-bb29-47fb-bb7e-795c5bed062b:2,51e54c92-421b-4824-b121-5cca30ade69e:4,200acf51-ac18-4a7d-8f7a-e024179a3639:5,92cdfa5d-fe13-44f9-a14f-723acf5a96a0:2"
